120101,Patrick,Lu,M,163040,Director,AU,18AUG1980,01JUL2007                      
120104,Kareen,Billington,F,46230,Administration Manager,au,11MAY1958,01JAN1985  
120105,Liz,Povey,F,27110,Secretary I,AU,21DEC1978,01MAY2003                     
120106,John,Hornsey,M,unknown,Office Assistant II,AU,23DEC1948,01JAN1978        
120107,Sherie,Sheedy,F,30475,Office Assistant III,AU,01FEB1982,21JAN1957        
120108,Gladys,Gromek,F,27660,Warehouse Assistant II,AU,23FEB1988,01AUG2010      
120108,Gabriele,Baker,F,26495,Warehouse Assistant I,AU,15DEC1990,01OCT2010      
120110,Dennis,Entwisle,M,28615,Warehouse Assistant III,AU,20NOV1953,01NOV1983   
120111,Ubaldo,Spillane,M,26895,Security Guard II,AU,23JUL1953,99NOV1978         
120112,Ellis,Glattback,F,26550, ,AU,17FEB1973,01JUL1994                         
120113,Riu,Horsey,F,26870,Security Guard II,AU,10MAY1948,01JAN1978              
120114,Jeannette,Buddery,G,31285,Security Manager,AU,08FEB1948,01JAN1978        
120115,Hugh,Nichollas,M,2650,Service Assistant I,AU,08MAY1988,01AUG2009         
.,Austen,Ralston,M,29250,Service Assistant II,AU,13JUN1963,01FEB1984            
120117,Bill,Mccleary,M,31670,Cabinet Maker III,AU,11SEP1968,01APR1990           
120118,Darshi,Hartshorn,M,28090,Cabinet Maker II,AU,03JUN1963,01JUL1988         
120119,Lal,Elleman,M,30255,Electrician IV,AU,21DEC1973,01JAN2002                
120120,Krishna,Peiris,F,27645,Electrician II,AU,05MAY1948,01JAN1978             
120190,Ivor,Czernezkyi,M,24100,Trainee,AU,05DEC1988,01NOV2008                   
120191,Jannene,Graham-Rowe,F,2401,Trainee,AU,17JAN1963,01JAN2007                
120192,Anthony,Nichollas,M,26185,Trainee,AU,08MAY1988,01JUN2009                 
120193,Russell,Streit,M,24515,Trainee,AU,06DEC1988,01SEP2009                    
120194,Reece,Harwood,M,25985,Trainee,AU,23SEP1988,01FEB2009                     
120195,Jina,Fiocca,F,24990,Trainee,AU,25DEC1988,01JUL2010                       
120196,Merle,Hieds,F,24025,Trainee,AU,31JAN1988,01JAN2007                       
120197,Kerrin,Dillin,F,25580,Trainee,AU,08AUG1958,01JAN2007                     
120259,Anthony,Miller,M,433800,Chief Executive Officer,US,25JAN1968,01SEP1993   
120260,Christine,Fletcher,F,207885,Chief Marketing Officer,US,02DEC1968,01NOV1988                                                                               
120262,Max,Crown,M,268455,Chief Financial Officer,US,21OCT1973,01SEP1992                                                                                        
120263,Bobby,Cleverley,M,42605,Financial Analyst III,US,10FEB1968,01OCT1987                                                                                     
120264,Latonya,Croome,F,37510,Financial Analyst II,US,23JAN1988,01DEC2010                                                                                       
120265,Wanda,Branly,F,51950,Auditor III,US,04OCT1948,01JAN1978                                                                                                  
120266,Bao,Krafve,F,31750,Secretary IV,US,01JUL1973,01APR1993                                                                                                   
120267,Belanda,Rink,F,28585,Secretary III,US,02JUN1990,01FEB2007                                                                                                
120268,Jacques,Villeneuve,M,76105,Senior Strategist,US,01SEP1978,01MAY2001                                                                                      
120269,Shrimatee,Kagolanu,F,52540,Strategist II,US,27SEP1948,01JAN1978                                                                                          
120270,Grezegorz,Nuss,M,48435,Concession Director,US,25MAR1958,01JAN1978                                                                                        
120271,Kenisha,Winge,F,43635,Concession Manager,US,06AUG1968,01SEP1990                                                                                          
120272,Febin,Flow,M,34390,Concession Consultant II,US,15MAR1948,01JAN1978                                                                                       
120273,Doris,Antonini,F,28455,Concession Assistant III,US,07JUN1990,01MAR2010                                                                                   
120274,Angela,Landry,F,26840,Concession Assistant I,US,09JAN1968,01DEC1997                                                                                      
120275,Brandy,Lattimer,F,32195,Concession Consultant II,US,27DEC1963,01OCT1988                                                                                  
120276,Nicholas,Plybon,M,28090,Concession Assistant II,US,16DEC1948,01JAN1978                                                                                   
120277,Wesley,Shirts,F,32645,Concession Consultant I,US,16AUG1992,01MAY2008                                                                                     
120278,Binit,Jongleux,M,27685,Concession Assistant III,US,17DEC1990,01AUG2010                                                                                   
120279,Kareema,Dunlap,F,32925,Concession Consultant I,US,20OCT1973,01MAY2000                                                                                    
120280,Jaime,Laurer,F,36930,Concession Consultant III,US,11NOV1968,01MAY1992                                                                                    
120656,Salley,Amos,F,42570,Logistics Coordinator II,US,28JAN1978,01MAR2003                                                                                      
120657,Theresa,Weisbarth,F,36110,Logistics Coordinator I,US,07JAN1968,01NOV1994                                                                                 
120658,Kenneth,Kennedy,M,42485,Logistics Coordinator II,US,20DEC1958,01FEB1985                                                                                  
120659,Jay,Havasy,M,161290,Director,US,16JUL1953,01JAN1978                                                                                                      
120660,Robert,Smith,M,61125,Logistics Manager,US,06JUN1982,01MAR2009                                                                                            
120661,Cynthia,Racine,F,85495,Senior Logistics Manager,US,27NOV1958,01JAN1988                                                                                   
120662,Lemonica,Burroughs,M,27045,Secretary II,US,25JUN1992,01NOV2010                                                                                           
120663,Anglar,Kornblith,F,56385,Pricing Manager,US,26MAR1973,01MAR2001                                                                                          
120664,Brock,Senchak,M,47605,Pricing Specialist,US,18FEB1958,01MAY1979                                                                                          
120665,Jill,Leacock,F,80070,Senior Logistics Manager,US,24OCT1978,01MAR2006                                                                                     
120666,John,Onuscheck,M,64555,Logistics Manager,US,22JUN1973,01DEC1995                                                                                          
120667,Edwin,Droste,M,29980,Office Assistant III,US,21JUN1983,01FEB2010                                                                                         
120668,Thyland,Dolan,M,47785,Services Manager,US,23OCT1953,01DEC1982                                                                                            
120669,Ronald,Hill,M,36370,Services Assistant IV,US,23JUL1948,01JAN1978                                                                                         
120670,Odudu,Zisek,M,65420,Shipping Manager,US,26MAR1948,01JAN1978                                                                                              
120671,William,Latty,M,40080,Shipping Agent III,US,27MAY1958,01FEB1987                                                                                          
120672,Verne,Guscott,M,60980,Shipping Manager,AU,25AUG1968,01MAR1996                                                                                            
120673,Pearl,Santomaggio,F,35935,Shipping Agent II,AU,27JUN1948,01JAN1978                                                                                       
120677,Suad,Sochacki,F,65555,Shipping Manager,US,02SEP1973,01FEB1997                                                                                            
120678,Lucretta,Octetree,F,40035,Shipping Agent III,US,12JAN1953,01MAY1982                                                                                      
120679,Chrisy,Cutucache,F,46190,Shipping Manager,US,07NOV1980,01JUL2006                                                                                         
120680,Raymondria,Desaulniers,F,27295,Shipping Agent I,US,25AUG1973,01MAY1995                                                                                   
120681,Elery,Tolbet,M,30950,Shipping Agent II,US,12AUG1983,01APR2008                                                                                            
120682,Barbara,Kennedy,F,26760,Shipping Agent I,US,20DEC1973,01APR2000                                                                                          
120683,Deven,Kochneff,F,36315,Shipping Agent III,US,12NOV1958,01JAN1978                                                                                         
120684,Suzon,Woyach,F,26960,Warehouse Assistant I,US,26NOV1990,01NOV2010                                                                                        
120685,Anita,Howard,F,25130,Warehouse Assistant I,US,01MAR1988,01NOV2010                                                                                        
120686,Berether,Tucker,F,26690,Warehouse Assistant II,US,07MAY1948,01JAN1978                                                                                    
120687,Freda,Dannin,F,26800,Warehouse Assistant I,US,25MAY1983,01AUG2008                                                                                        
120688,Lisa,Carcaterra,F,25905,Warehouse Assistant I,US,25DEC1953,01JAN1978                                                                                     
120689,Katherine,Pongor,F,27780,Warehouse Assistant III,US,20JUL1983,01JUL2010                                                                                  
120690,Taronda,Langston,F,25185,Warehouse Assistant I,US,17JAN1988,01DEC2008                                                                                    
120691,Sek,Habres,M,49240,Shipping Manager,AU,15SEP1948,01JAN1978                                                                                               
120692,Rit,Tregonning,M,32485,Shipping Agent II,AU,22NOV1958,01APR1986                                                                                          
120693,Diaz,Tellam,M,26625,Shipping Agent I,AU,02MAY1963,01JUN1983                                                                                              
120694,Sharon,Leazer,F,27365,Warehouse Assistant I,AU,16AUG1992,01APR2010                                                                                       
120695,Trent,Moffat,M,28180,Warehouse Assistant II,au,13JUL1968,01JUL1993                                                                                       
120696,Peter,Pettolino,M,26615,Warehouse Assistant I,AU,14AUG1958,01MAR1978                                                                                     
120697,Madelaine,Fouche,F,29625,Warehouse Assistant IV,AU,27JUN1992,01JUN2010                                                                                   
120698,Geoff,Kistanna,M,26160,Warehouse Assistant I,au,17MAY1958,01AUG1980                                                                                      
120710,Timothy,Baltzell,M,54840,Business Analyst II,US,24NOV1978,01JAN2002                                                                                      
120711,Gloria,Drew,F,59130,Business Analyst III,US,28MAY1973,01MAR1998                                                                                          
120712,Elisabeth,Motashaw,F,63640,Marketing Manager,US,12JUN1953,01JAN1978                                                                                      
120713,Carston,Campbell,M,31630,Marketing Assistant III,US,23FEB1948,01JAN1978                                                                                  
120714,Robert,Dinley,M,62625,Marketing Manager,US,04APR1980,01SEP2002                                                                                           
120715,Angelia,Neal,F,28535,Marketing Assistant II,US,12JUN1983,01FEB2009                                                                                       
120716,Kenneth,Juif,M,53015,Events Manager,US,24JUL1978,01AUG1997                                                                                               
120717,Jon,Sleva,M,30155,Marketing Assistant II,US,09JAN1958,01AUG1985                                                                                          
120718,Charles,Hennington,M,29190,Marketing Assistant II,US,08JUL1968,01MAY1994                                                                                 
120719,Roya,Ridley,F,87420,Senior Marketing Manager,US,22JAN1973,01FEB2000                                                                                      
120720,John,Spingola,M,46580,Corp. Comm. Manager,US,07MAY1968,01APR1996                                                                                         
120721,Dlutomi,Knust,F,29870,Marketing Assistant II,US,21OCT1948,01JAN1978                                                                                      
120722,Ishmar,Sheffield,M,32460,Corp. Comm. Specialist I,US,22SEP1963,01OCT1989                                                                                 
120723,Deanna,Olsen, ,33950,Corp. Comm. Specialist II,US,10AUG1953,01JAN1978                                                                                    
120724,Hampie,Brown,M,63705,Marketing Manager,US,27JAN1968,01APR1996                                                                                            
120725,Robert,Whitlock,M,29970,Marketing Assistant II,US,24OCT1983,01JUN2008                                                                                    
120726,Lutezenia,Obermeyer,F,27380,Marketing Assistant I,US,01JUL1992,01SEP2010                                                                                 
120727,Donald,Marples,M,34925,Marketing Assistant IV,US,25JUN1968,01JUN1990                                                                                     
120728,Kathryn,Borge,F,35070,Purchasing Agent II,US,04DEC1958,01JAN1986                                                                                         
120729,Kimberly,Howell,F,31495,Purchasing Agent I,US,03APR1992,25APR2007                                                                                        
120730,Woodson,Burt,M,30195,Purchasing Agent I,US,16DEC1968,01OCT1992                                                                                           
120731,Robert,Lerew,M,34150,Purchasing Agent II,US,15MAR1963,01SEP1987                                                                                          
120732,Kent,Uenking,M,35870,Purchasing Agent III,US,14AUG1953,01JAN1978                                                                                         
120733,Michael,Bezinque,M,31760,Purchasing Agent I,US,03APR1968,01NOV1994                                                                                       
120734,Svein,Saylor,M,34270,Purchasing Agent III,US,26APR1983,01MAR2010                                                                                         
120735,Brenda,Bilobran,F,61985,Purchasing Manager,US,13JUN1958,01MAY1982                                                                                        
120736,Parie,Kiemle,F,63985,Purchasing Manager,US,27NOV1968,01OCT1995                                                                                           
120737,Brenner,Toner,F,63605,Purchasing Manager,US,28MAR1963,01NOV1992                                                                                          
120738,Huilun,Swaiti,F,30025,Purchasing Agent I,US,06JUL1953,01JAN1978                                                                                          
120739,Bryon,Cooper,M,36970,Purchasing Agent III,US,07AUG1990,01MAY2010                                                                                         
120740,Lisa,Koonce,F,35110,Purchasing Agent II,US,19OCT1953,01JAN1978                                                                                           
120741,Keisha,Court,F,36365,Purchasing Agent III,US,28NOV1948,01JAN1978                                                                                         
120742,Ronald,Shewitz,M,31020,Purchasing Agent I,US,04FEB1948,01JAN1978                                                                                         
120743,Chimena,Harrison,F,34620,Purchasing Agent II,US,01FEB1973,01JUN2001                                                                                      
120744,Alden,Feigenbaum,F,33490,Purchasing Agent II,US,19JUN1992,01JUL2008                                                                                      
120745,Barbara,Harvill,F,31365,Purchasing Agent I,US,05JUL1990,01JUN2010                                                                                        
120746,Kevie,Kimmerle,M,46090,Account Manager,US,10OCT1978,01APR2006                                                                                            
120747,Zashia,Farthing,F,43590,Financial Controller I,us,20JUN1978,01AUG1999                                                                                    
120748,Nahliah,Post,F,48380,Building Admin. Manager,US,05JUL1980,01MAR2007                                                                                      
120749,Kevin,Niemann,M,26545,Office Assistant II,US,20SEP1978,01OCT2000                                                                                         
120750,Connie,Woods,F,32675,Accountant I,US,07JUN1958,01FEB1983                                                                                                 
120751,Azavi0us,Mea,M,58200,Finance Manager,US,05APR1968,01AUG1992                                                                                              
120752,Jean-Claude,Van Damme,M,30590,Accountant I,US,17FEB1958,01AUG1979                                                                                        
120753,Ralph,Ferrari,M,47000,Financial Controller II,US,15JUN1980,01AUG1998                                                                                     
120754,John,Atkins,M,34760,Accountant II,US,02JUN1992,01MAY2010                                                                                                 
120755,Elizabeth,Thoits,F,36440,Accountant III,US,24AUG1968,01AUG1987                                                                                           
120756,Wendy,Asta,F,52295,Financial Controller III,US,20FEB1978,01JUL2000                                                                                       
120757,Paul,Knopfmacher,M,38545,Accountant III,US,18MAR1948,01JAN1978                                                                                           
120758,Sal,Voltz,M,34040,Accountant II,US,22OCT1968,01OCT1996                                                                                                   
120759,Nishan,Apr,M,36230,Accountant II,US,04NOV1968,01JAN1987                                                                                                  
120760,Pamela,Miller,F,53475,Financial Controller III,US,06JAN1973,01MAY1997                                                                                    
120761,Tameaka,Akinfolarin,F,30960,Accountant I,US,28DEC1990,01JUL2010                                                                                          
120762,Marvin,Leone,M,30625,Accountant I,US,02NOV1983,01MAR2010                                                                                                 
120763,Ramond,Capps,M,45100,Auditor II,US,26OCT1948,01JAN1978                                                                                                   
120764,Steven,Worton,M,40450,Auditor I,US,22DEC1978,01DEC2006                                                                                                   
120765,Nikeisha,Kokoszka,F,51950,Financial Controller III,US,17DEC1958,01JAN1978                                                                                
120766,Janelle,Kempster,F,53400,Auditing Manager,US,05NOV1978,01MAR2005                                                                                         
120767,Legette,Terricciano,M,32965,Accountant I,US,09MAY1968,01APR1991                                                                                          
120768,Roland,Rayburn,M,44955,Accountant II,US,22JUL1958,01OCT1985                                                                                              
120769,Abelino,Lightbourne,M,47990,Auditor II,US,24MAY1978,01APR2000                                                                                            
120770,Julia,Pascoe,F,43930,Auditor I,US,24APR1968,01APR1991                                                                                                    
120771,Wei,Xing Moore,F,36435,Accountant II,US,04AUG1958,01DEC1980                                                                                              
120772,Erich,Overdorff,M,27365,HR Generalist I,US,08APR1992,01AUG2010                                                                                           
120773,Entrisse,Horne,F,27370,HR Generalist II,US,22FEB1963,01APR1985                                                                                           
120774,Sue,El-Amin,F,45155,HR Specialist II,US,17SEP1982,01MAR2006                                                                                              
120775,Tanya,Thompson,F,41580,HR Analyst II,US,11FEB1973,01NOV2000                                                                                              
120776,Ratna,Silverthorne,M,32580,HR Generalist III,US,21SEP1983,01APR2005                                                                                      
120777,Kary,Sacher,M,40955,HR Specialist I,US,26MAR1973,01MAY1998                                                                                               
120778,Angela,Gardner,F,43650,HR Specialist I,US,08DEC1958,01FEB1988                                                                                            
120779,Jennifer,Eggleston,F,43690,HR Analyst II,US,04OCT1980,01MAR2001                                                                                          
120780,Kimberly,Walcott,F,62995,HR Manager,US,01SEP1973,01OCT1995                                                                                               
120781,Sarah,Sitnik,F,32620,Recruiter I,US,23JAN1992,01DEC2008                                                                                                  
120782,Rilma,Sines,F,63915,Recruitment Manager,US,29NOV1978,01JUN2003                                                                                           
120783,Davis,Karp,M,42975,Recruiter III,US,20DEC1978,01JAN2000                                                                                                  
120784,Jennifer,Pinol,F,35715,Recruiter II,US,24APR1983,01SEP2008                                                                                               
120785,Damesha,Donnell,F,48335,Training Manager,US,21JAN1973,01JUN1997                                                                                          
120786,Chris-Anne,Delafuente,F,32650,Trainer I,US,18MAR1948,01JAN1978                                                                                           
120787,Carl,Peachey,M,34000,Trainer II,US,22AUG1973,01JAN2000                                                                                                   
120788,Smitty,Lisowe,M,33530,Trainer I,US,13JUN1973,01DEC1998                                                                                                   
120789,Julius,Denhollem,M,39330,Trainer III,US,14JUL1968,01DEC1986                                                                                              
120790,Tara,O'Toole,F,53740,ETL Specialist II,US,07DEC1978,01MAY1999                                                                                            
120791,Richard,Chiseloff,M,61115,Systems Architect IV,US,26JUL1968,01OCT1990                                                                                    
120792,Omeba,Horne,F,54760,Systems Architect II,US,19MAR1980,01AUG2001                                                                                          
120793,William,Mamo,M,47155,ETL Specialist I,US,08AUG1973,01JUN2000                                                                                             
120794,Samantha,Cross,F,51265,Applications Developer IV,US,31DEC1982,01JUL2007                                                                                  
120795,David,Deacon,M,49105,Applications Developer II,US,16JAN1973,01AUG1992                                                                                    
120796,Philip,Kellis,M,47030,Applications Developer II,US,12MAY1958,01MAR1987                                                                                   
120797,Sherrie,Jones,F,43385,Applications Developer I,US,17NOV1958,01DEC1981                                                                                    
120798,Elizabeth,Ardskin,F,80755,Senior Project Manager,US,23JUN1963,01JAN1991                                                                                  
120799,Jeffery,Stefandonovan,M,29070,Office Assistant III,US,23MAR1983,01NOV2002                                                                                
120800,Fred,Benyami,M,80210,IS Director,US,20DEC1978,01JUN2001                                                                                                  
120801,Kathryn,Kennedy,F,40040,Applications Developer I,US,06MAR1978,01JUL2003                                                                                  
120802,U'Vonda,Parker,F,65125,Applications Developer IV,US,11MAY1953,01JAN1982                                                                                  
120803,Victor,Droste,M,43630,Applications Developer I,US,06JUN1958,01JAN1982                                                                                    
120804,Ahmed,Zied,M,55400,IS Administrator III,US,11FEB1948,01JAN1978                                                                                           
120805,Robert,Walker,M,58530,BI Administrator IV,US,27JUN1982,01APR2004                                                                                         
120806,Lorna,Ousley,F,47285,IS Administrator II,US,25FEB1978,01FEB1996                                                                                          
120807,Gerlinde,Peppers,F,43325,IS Administrator I,US,14DEC1963,01JAN1986                                                                                       
120808,Marcel,Dupree,M,44425,BI Specialist II,US,01JUN1968,01JUN1988                                                                                            
120809,Chiorene,Marion,F,47155,BI Architect II,US,14JAN1948,01JAN1978                                                                                           
120810,Loyal,Esguerra,M,58375,IS Architect III,US,04OCT1958,01MAR1984                                                                                           
120811,Dale,Bergeron-Jeter,M,43985,Applications Developer I,US,26SEP1973,01JUL1997                                                                              
120812,Fauver,Arruza,M,45810,Applications Developer II,US,19FEB1978,01AUG2005                                                                                   
120813,John,Heinsler,M,50865,Applications Developer IV,US,14SEP1973,01JAN1997                                                                                   
120814,Victor,Scroggin,M,59140,Project Manager,US,03JUN1963,01SEP1983                                                                                           
120815,Craig,Honore,M,31590,Service Administrator III,US,27DEC1992,01APR2010                                                                                    
120816,Tessia,Hart,F,30485,Service Administrator I,US,03MAY1973,01AUG1997                                                                                       
120992,Lisa,Kicak,F,26940,Office Assistant I,US,17FEB1983,01AUG2004                                                                                             
120993,Lorraine,Boatright,F,26260,Office Assistant I,US,18DEC1973,01MAR2001                                                                                     
120994,Danelle,Sergeant,F,31645,Office Administrator I,us,16JUN1978,01NOV1998                                                                                   
120995,Lily-Ann,Gordo,F,34850,Office Administrator II,US,13JUN1988,01AUG2010                                                                                    
120996,Johannes,Wade,M,32745,Office Assistant IV,US,21JUL1978,01SEP2006                                                                                         
120997,Mary,Donathan,F,27420,Shipping Administrator I,us,21NOV1978,01SEP2000                                                                                    
120998,Tondelayo,Benedicto,F,26330,Clerk I,US,06DEC1983,01APR2009                                                                                               
120999,Sherelyn,Heilmann,F,27215,Clerk I,US,28DEC1963,01APR1988                                                                                                 
121000,Herman,Supple,M,48600,Administration Manager,US,25JAN1968,01DEC1997                                                                                      
121001,Tony,House,M,43615,Warehouse Manager,US,21JAN1963,01SEP1981                                                                                              
121002,Terry-Ann,Clark,F,26650,Warehouse Assistant II,US,18SEP1958,01DEC1983                                                                                    
121003,Troyce Van,Der Wiele,M,26000,Warehouse Assistant I,US,05MAY1992,01JUL2010                                                                                
121004,Kellen,Smith,M,30895,Security Manager,US,03AUG1948,01JAN1978                                                                                             
121005,Yuh-Lang,Mclamb,M,25020,Security Guard I,US,15JUL1988,01FEB2008                                                                                          
121006,Bernard,Bolster,M,26145,Security Guard I,US,12OCT1990,01NOV2008                                                                                          
121007,John,Banaszak,M,27290,Security Guard II,US,12OCT1968,01FEB1991                                                                                           
121008,Eron,Mckenzie,M,27875,Security Guard II,US,03JUL1973,01AUG1997                                                                                           
121009,Robert,Goodwin,M,32955,Service Administrator I,US,04DEC1983,01AUG2003                                                                                    
121010,Donald,Lamp,M,25195,Service Assistant I,US,14AUG1988,01MAR2010                                                                                           
121011,Steven,Banchi,M,25735,Service Assistant I,US,11MAR1948,01JAN1972                                                                                         
121012,Carmelo,Broome,M,29575,Service Assistant II,US,26JAN1990,01SEP2007                                                                                       
121013,Seco,Hargrave,M,26675,Electrician II,US,28APR1983,01APR2004                                                                                              
121014,Donelle,Liguori,F,28510,Electrician III,US,01MAY1978,01AUG2003                                                                                           
121015,Wilson,Elmoslamy,M,26140,Technician I,US,13DEC1983,01SEP2004                                                                                             
121016,Lutezenia,Sullivan,F,48075,Technical Manager,US,19JAN1980,01SEP2008                                                                                      
121017,Gilbert,Arizmendi,M,29225,Technician II,US,06JAN1988,01MAR2009                                                                                           
121125,Michael,Holt,M,25315,Trainee,US,17APR1978,01JAN2007                                                                                                      
121126,James,Penhale,M,26015,Trainee,US,26OCT1958,01JAN2007                                                                                                     
121127,Keyna,Mangini,F,25435,Trainee,US,03SEP1990,01JUN2009                                                                                                     
121128,Glacia,Nazar,F,25405,Trainee,US,26JUN1978,01JAN2007                                                                                                      
121129,Yusef,Hafley,M,30945,Trainee,US,01MAY1968,01JAN2007                                                                                                      
121130,Gary,Herndon,M,25255,Trainee,US,21JAN1988,01FEB2008                                                                                                      
121131,William,Pantages,M,25445,Trainee,US,30JUN1973,01JAN2007                                                                                                  
121132,Shia-Ling,Digiorgio,M,24390,Trainee,US,08FEB1958,01JAN2007                                                                                               
121133,Peter,Pringley,M,25405,Trainee,US,10NOV1983,01JAN2007                                                                                                    
121134,Paul,Tacosa,M,25585,Trainee,US,02JUL1968,01JAN2007                                                                                                       
121141,Henri Le,Bleu,M,194885,Vice President,US,19JUN1948,01JAN1978                                                                                             
121142,Reginald,Steiber,M,156065,Director,US,14FEB1973,01MAY1997                                                                                                
121146,Julieanne,Sangiorgio,F,29320,Secretary III,US,09DEC1990,01APR2010                                                                                        
121147,Christine,Sneed,F,29145,Secretary II,US,28MAY1973,01SEP1991                                                                                              
121148,Shane,Sadig,M,52930,Business Analyst II,US,01JAN1973,01JAN2002                                                                                           
